Date,Open Price,High Price,Low Price,Close Price,WAP,No.of Shares,No. of Trades,Total Turnover (Rs.),Deliverable Quantity,% Deli. Qty to Traded Qty,Spread High-Low,Spread Close-Open
27-February-2026,2678.00,2688.20,2627.00,2636.40,2650.054611606853954398,139073,11196,368551045.00,72402,52.06,61.20,-41.60
26-February-2026,2636.20,2670.00,2634.80,2647.70,2651.099859843889359769,180513,25439,478557989.00,82614,45.77,35.20,11.50
25-February-2026,2580.55,2653.45,2580.55,2629.50,2632.554613696479958143,275224,26142,724542211.00,128893,46.83,72.90,48.95
24-February-2026,2640.00,2648.70,2561.95,2574.50,2591.166531713900134952,403845,29163,1046429648.00,277152,68.63,86.75,-65.50
23-February-2026,2686.65,2704.45,2660.45,2675.85,2677.955704582908637130,209954,18874,562247512.00,116292,55.39,44.00,-10.80
20-February-2026,2676.95,2702.85,2648.45,2686.65,2684.080133500393626575,180374,13118,484138270.00,89054,49.37,54.40,9.70
19-February-2026,2716.25,2748.00,2668.00,2680.45,2706.301442095992954645,181680,20392,491680846.00,56116,30.89,80.00,-35.80
18-February-2026,2735.75,2735.75,2658.00,2694.60,2687.164824785113818834,211740,25687,568980280.00,107852,50.94,77.75,-41.15
17-February-2026,2715.00,2759.30,2695.05,2717.45,2736.633202248827521920,343290,20437,939458812.00,141022,41.08,64.25,2.45
16-February-2026,2700.00,2720.00,2671.50,2708.20,2690.860417885787064128,377663,13097,1016238418.00,240718,63.74,48.50,8.20
13-February-2026,2579.00,2712.40,2579.00,2692.15,2646.385137721289606870,796863,56668,2108806400.00,372651,46.76,133.40,113.15
12-February-2026,2883.55,2883.55,2740.15,2751.90,2781.932106341755270816,715354,54483,1990066260.00,377778,52.81,143.40,-131.65
11-February-2026,2984.65,2998.00,2905.00,2909.40,2943.647311568887282656,149418,15949,439833894.00,93281,62.43,93.00,-75.25
10-February-2026,2950.00,3011.00,2943.55,2984.25,2978.860035487569742042,468333,9320,1395098457.00,400021,85.41,67.45,34.25
9-February-2026,2979.95,2979.95,2935.00,2947.10,2950.863976705490848585,64908,6803,191534679.00,36014,55.48,44.95,-32.85
6-February-2026,2992.00,2992.00,2915.15,2941.45,2931.503403478081909857,388720,26462,1139534003.00,259026,66.64,76.85,-50.55
5-February-2026,2998.95,3029.50,2970.35,2992.05,2996.875021610282107718,387547,42367,1161429924.00,158432,40.88,59.15,-6.90
4-February-2026,3122.00,3122.00,2986.85,2999.80,3019.097025367011977683,962707,46113,2906505840.00,804058,83.52,135.15,-122.20
3-February-2026,3320.90,3336.70,3185.55,3223.70,3228.309875598628467794,176445,11915,569619136.00,112925,64.00,151.15,-97.20
2-February-2026,3188.05,3198.80,3133.55,3169.30,3165.169241040612870738,88371,7132,279709171.00,60254,68.18,65.25,-18.75
1-February-2026,3110.65,3234.90,3103.85,3185.15,3175.313071603836716484,295878,24749,939505281.00,177528,60.00,131.05,74.50
30-January-2026,3146.00,3146.00,3092.30,3125.05,3119.043164959378311550,70775,8079,220750280.00,37737,53.32,53.70,-20.95
29-January-2026,3199.85,3200.00,3126.55,3146.10,3143.609045810561850948,194322,31127,610872397.00,106555,54.83,73.45,-53.75
28-January-2026,3160.10,3205.00,3160.10,3199.85,3190.255214988056219098,144008,21477,459422273.00,73632,51.13,44.90,39.75
27-January-2026,3161.20,3176.50,3131.00,3158.40,3144.485310291606662170,164571,6522,517491092.00,120481,73.21,45.50,-2.80
23-January-2026,3152.10,3193.75,3152.00,3160.85,3179.666946864065734309,95171,7987,302612083.00,50693,53.27,41.75,8.75
22-January-2026,3140.10,3159.00,3121.55,3151.25,3146.263354268187431120,150626,23145,473909064.00,22908,15.21,37.45,11.15
21-January-2026,3091.20,3137.25,3082.00,3121.30,3108.595388137810728303,183440,19607,570240738.00,82378,44.91,55.25,30.10
20-January-2026,3152.00,3160.90,3094.05,3108.05,3111.687183815425476813,588857,6293,1832338780.00,539943,91.69,66.85,-43.95
19-January-2026,3185.55,3219.90,3151.70,3163.00,3170.625603791354011604,197502,17244,626204898.00,135532,68.62,68.20,-22.55
16-January-2026,3215.05,3221.00,3172.20,3206.70,3201.339015576516833935,129233,8837,413718645.00,66573,51.51,48.80,-8.35
14-January-2026,3264.95,3264.95,3183.05,3192.30,3207.915884820124753315,428686,31547,1375188629.00,206868,48.26,81.90,-72.65
13-January-2026,3265.00,3279.00,3210.30,3267.60,3251.494858414406179642,266941,24508,867957289.00,126959,47.56,68.70,2.60
12-January-2026,3201.00,3250.00,3174.10,3235.70,3203.838572679995121031,180366,13580,577863548.00,91884,50.94,75.90,34.70
9-January-2026,3185.05,3229.30,3185.05,3208.00,3208.090346465579788784,161257,13031,517327025.00,93132,57.75,44.25,22.95
8-January-2026,3294.45,3294.45,3181.60,3204.30,3211.200151394011874127,446517,36938,1433855458.00,153288,34.33,112.85,-90.15
7-January-2026,3247.20,3300.00,3230.50,3294.45,3283.994630693424266931,119941,15829,393885600.00,63097,52.61,69.50,47.25
6-January-2026,3211.10,3259.00,3206.40,3255.75,3239.329725127706154220,24666,2353,79901307.00,14038,56.91,52.60,44.65
5-January-2026,3249.85,3249.85,3191.85,3214.70,3225.033377004672307109,126704,7262,408624629.00,89880,70.94,58.00,-35.15
2-January-2026,3243.40,3253.40,3220.00,3250.10,3240.056805178926908788,63797,3782,206705904.00,48929,76.69,33.40,6.70
1-January-2026,3206.05,3234.25,3198.75,3226.80,3222.114615635710788314,220572,15967,710708265.00,51318,23.27,35.50,20.75
31-December-2025,3246.00,3246.00,3199.10,3205.75,3215.306793343170752878,126727,13271,407466184.00,78772,62.16,46.90,-40.25
30-December-2025,3240.10,3266.00,3239.50,3247.50,3250.931599047798462091,58391,5444,189825147.00,32366,55.43,26.50,7.40
29-December-2025,3279.80,3286.00,3243.50,3253.65,3257.127234490010515247,74178,4550,241607184.00,52869,71.27,42.50,-26.15
26-December-2025,3312.00,3319.00,3274.00,3279.80,3289.558167948663465216,94124,8221,309626373.00,54517,57.92,45.00,-32.20
24-December-2025,3308.80,3326.00,3295.40,3320.35,3313.755280799595336120,156179,19882,517538986.00,54306,34.77,30.60,11.55
23-December-2025,3324.40,3324.40,3294.20,3310.50,3302.067882015567390413,97640,10517,322413908.00,66215,67.82,30.20,-13.90
22-December-2025,3300.10,3328.20,3290.40,3324.65,3312.510775057905815926,142041,9540,470512343.00,90920,64.01,37.80,24.55
19-December-2025,3300.00,3317.90,3277.20,3282.60,3301.234952078627678407,65524,5568,216310119.00,31729,48.42,40.70,-17.40
18-December-2025,3234.70,3288.70,3224.05,3280.10,3267.880750362431396914,309024,30156,1009853581.00,41640,13.47,64.65,45.40
17-December-2025,3204.55,3236.10,3201.05,3217.60,3220.070582853452451428,37162,2976,119664263.00,16097,43.32,35.05,13.05
16-December-2025,3221.00,3221.05,3191.00,3204.55,3203.203293088133697404,60794,5393,194735541.00,39494,64.96,30.05,-16.45
15-December-2025,3220.10,3237.00,3196.30,3230.40,3222.533312224105496470,53689,3194,173014591.00,34897,65.00,40.70,10.30
12-December-2025,3198.70,3223.95,3184.95,3220.15,3212.660214997055436894,113769,4750,365501140.00,92933,81.69,39.00,21.45
11-December-2025,3206.00,3207.75,3153.75,3191.60,3186.200880975261248660,397514,23648,1266559457.00,39307,9.89,54.00,-14.40
10-December-2025,3208.25,3216.50,3178.70,3188.15,3190.084436705514562214,174012,14252,555112973.00,72970,41.93,37.80,-20.10
9-December-2025,3226.25,3236.20,3180.80,3208.25,3197.080152538017706557,171236,16206,547455217.00,94472,55.17,55.40,-18.00
8-December-2025,3238.00,3259.80,3210.00,3237.90,3241.294497158883951336,219632,13071,711891993.00,141830,64.58,49.80,-0.10
5-December-2025,3239.50,3270.70,3223.25,3238.90,3248.768563430171108635,350070,15947,1137296411.00,223499,63.84,47.45,-0.60
4-December-2025,3181.25,3249.95,3181.25,3228.90,3228.863023658200714273,532289,25418,1718688270.00,141420,26.57,68.70,47.65
3-December-2025,3150.00,3212.00,3136.00,3179.95,3183.864017593014321928,217359,10614,692041499.00,102048,46.95,76.00,29.95
2-December-2025,3125.20,3143.70,3121.05,3135.60,3132.566849564953020717,69073,5829,216375790.00,38025,55.05,22.65,10.40
1-December-2025,3135.00,3152.50,3122.70,3135.70,3134.284579839123737805,204505,12220,640976868.00,159463,77.98,29.80,0.70
28-November-2025,3136.50,3146.95,3125.00,3139.65,3137.390938521449461222,63941,5058,200607914.00,35868,56.10,21.95,3.15
27-November-2025,3174.15,3178.85,3125.00,3136.90,3139.500124433826091284,401820,28530,1261513940.00,48610,12.10,53.85,-37.25
26-November-2025,3119.80,3177.00,3117.95,3162.25,3155.005083190456641955,165644,18654,522607662.00,98992,59.76,59.05,42.45
25-November-2025,3140.75,3146.95,3115.45,3119.80,3132.890971248910943596,105596,3592,330820755.00,83124,78.72,31.50,-20.95
24-November-2025,3145.45,3179.00,3131.40,3140.55,3153.333193547235804275,112076,6751,353412971.00,60334,53.83,47.60,-4.90
21-November-2025,3145.75,3170.00,3136.00,3150.05,3154.109736776961795527,242380,13637,764493118.00,174753,72.10,34.00,4.30
20-November-2025,3150.00,3163.50,3137.15,3145.75,3148.494618545363106570,361891,21681,1139411866.00,61965,17.12,26.35,-4.25
19-November-2025,3103.95,3156.00,3084.05,3147.20,3136.128824859127244135,122096,10947,382908785.00,64859,53.12,71.95,43.25
18-November-2025,3100.00,3102.00,3080.00,3085.65,3091.152864650890189183,104079,6976,321724099.00,75604,72.64,22.00,-14.35
17-November-2025,3109.95,3111.00,3087.60,3102.55,3099.299077414824321379,41297,5479,127991754.00,25126,60.84,23.40,-7.40
14-November-2025,3099.75,3112.10,3077.50,3105.00,3095.949508153666165269,167532,8776,518670613.00,114186,68.16,34.60,5.25
13-November-2025,3131.25,3132.00,3101.05,3105.70,3109.646044414256334786,477009,28641,1483329150.00,109178,22.89,30.95,-25.55
12-November-2025,3056.10,3136.00,3056.10,3131.25,3107.142960695355023266,309022,22297,960175532.00,210479,68.11,79.90,75.15
11-November-2025,3047.90,3055.00,3017.50,3048.15,3036.418815925310830827,111395,8134,338241874.00,71911,64.55,37.50,0.25
10-November-2025,2990.00,3047.00,2990.00,3025.80,3026.477467638264730632,111706,9143,338075692.00,58227,52.13,57.00,35.80
7-November-2025,2996.20,3002.40,2960.00,2992.35,2976.990639886009312419,167733,13032,499339571.00,95443,56.90,42.40,-3.85
6-November-2025,2989.80,3024.00,2989.80,3011.05,3011.270298285573998554,586552,23982,1766266616.00,135051,23.02,34.20,21.25
4-November-2025,3025.00,3029.55,2976.00,2989.80,2990.099539803968443700,133856,8428,400242764.00,109317,81.67,53.55,-35.20
3-November-2025,3055.75,3055.75,3010.00,3016.10,3028.223699565975636940,76263,6656,230941424.00,46938,61.55,45.75,-39.65
31-October-2025,3033.00,3067.00,3026.70,3057.80,3056.795026174523463828,75073,7052,229482773.00,45340,60.39,40.30,24.80
30-October-2025,3050.00,3064.90,3031.80,3035.55,3037.369431863256062800,216814,15921,658544216.00,21639,9.98,33.10,-14.45
29-October-2025,3056.85,3075.35,3046.50,3057.35,3061.267742107224618005,56349,8960,172499376.00,23382,41.49,28.85,0.50
28-October-2025,3081.90,3090.00,3041.05,3056.85,3068.151979755879726108,161232,11801,494684280.00,125520,77.85,48.95,-25.05
27-October-2025,3063.20,3093.75,3060.90,3084.55,3083.492280037842951750,52850,6722,162962567.00,19397,36.70,32.85,21.35
24-October-2025,3084.95,3090.00,3058.05,3062.45,3074.847823351786612984,127168,12518,391022248.00,69300,54.49,31.95,-22.50
23-October-2025,3040.00,3097.95,3038.60,3074.65,3078.660155731421235307,1303141,36251,4011928274.00,897147,68.84,59.35,34.65
21-October-2025,3033.95,3033.95,2996.05,3007.25,3016.795929352396972245,29725,4491,89674259.00,13132,44.18,37.90,-26.70
20-October-2025,2971.15,3022.00,2971.15,3014.25,3001.284122161264722656,492693,14335,1478711678.00,429587,87.19,50.85,43.10
17-October-2025,2970.85,2988.00,2955.05,2962.60,2969.201644716244703721,143733,17450,426772260.00,59116,41.13,32.95,-8.25
16-October-2025,2969.00,2974.55,2944.25,2970.85,2966.668220025993211844,534755,28779,1586440664.00,110584,20.68,30.30,1.85
15-October-2025,2974.95,2979.90,2951.60,2969.00,2965.044376180855845045,229177,21358,679519975.00,109018,47.57,28.30,-5.95
14-October-2025,3010.05,3027.00,2957.00,2960.30,2982.517039092713821551,145577,17423,434185883.00,101491,69.72,70.00,-49.75
13-October-2025,3005.05,3036.00,2998.80,3007.15,3012.552097508587905580,135947,15215,409547420.00,60338,44.38,37.20,2.10
10-October-2025,3064.90,3070.05,3006.65,3028.40,3033.713040805563220157,286309,23281,868579347.00,115155,40.22,63.40,-36.50
9-October-2025,3035.00,3066.55,3020.15,3061.95,3055.001763347402191101,439505,19350,1342688550.00,88076,20.04,46.40,26.95
8-October-2025,2973.85,3042.00,2969.00,3026.85,3025.103528758759453271,360325,22078,1090020429.00,204436,56.74,73.00,53.00
7-October-2025,2997.00,3004.50,2955.50,2973.85,2970.893084062406440238,90183,8990,267924051.00,41336,45.84,49.00,-23.15
6-October-2025,2902.00,2992.00,2895.95,2988.05,2954.092041482599422513,190827,15774,563720522.00,90798,47.58,96.05,86.05
3-October-2025,2920.05,2924.40,2891.70,2902.15,2901.453899039950449055,80725,6813,234219866.00,42560,52.72,32.70,-17.90
1-October-2025,2889.00,2924.40,2867.55,2914.10,2904.893817721894640895,566102,27231,1644466200.00,140091,24.75,56.85,25.10
30-September-2025,2919.80,2919.80,2886.00,2889.00,2900.751368355246969001,150363,16065,436165678.00,112587,74.88,33.80,-30.80
29-September-2025,2911.15,2928.80,2892.50,2896.40,2905.295144222563577402,187488,16462,544707976.00,122293,65.23,36.30,-14.75
26-September-2025,2940.00,2952.00,2892.00,2900.10,2917.560964945728157807,590085,52763,1721608962.00,446668,75.70,60.00,-39.90
25-September-2025,3024.95,3030.35,2951.00,2960.35,2976.837951055249385074,569581,57005,1695550337.00,231307,40.61,79.35,-64.60
24-September-2025,3049.95,3058.40,3034.00,3036.15,3043.148743308911082266,93221,17316,283685369.00,27560,29.56,24.40,-13.80
23-September-2025,3074.00,3080.95,3052.25,3062.35,3063.363142313999216380,137822,18951,422198835.00,90261,65.49,28.70,-11.65
22-September-2025,3070.10,3106.60,3063.05,3074.05,3083.743172577102233485,385138,44969,1187666678.00,217436,56.46,43.55,3.95
19-September-2025,3169.95,3177.30,3144.50,3169.85,3160.880300028934541164,44929,9010,142015191.00,17490,38.93,32.80,-0.10
18-September-2025,3186.80,3202.95,3161.00,3176.25,3179.244472530899660226,365538,28675,1162134666.00,63476,17.36,41.95,-10.55
17-September-2025,3155.45,3182.00,3141.45,3172.80,3171.141400924382162378,142149,12940,450774579.00,55994,39.39,40.55,17.35
16-September-2025,3129.95,3150.00,3109.40,3145.45,3123.783930553883605526,74763,3289,233543458.00,18794,25.14,40.60,15.50
15-September-2025,3126.05,3131.00,3096.00,3111.50,3107.251831316719127513,103887,8331,322803071.00,73079,70.34,35.00,-14.55
12-September-2025,3140.05,3148.50,3120.35,3134.05,3133.166882276843467011,43288,4319,135628528.00,19992,46.18,28.15,-6.00
11-September-2025,3133.05,3138.30,3110.15,3123.95,3121.341855456585197469,533044,38168,1663812548.00,74157,13.91,28.15,-9.10
10-September-2025,3055.00,3122.00,3055.00,3110.15,3105.281639502393565076,250881,22804,779056163.00,89810,35.80,67.00,55.15
9-September-2025,3034.90,3059.90,3031.05,3049.45,3047.249932560021580793,111210,10226,338884665.00,50674,45.57,28.85,14.55
8-September-2025,3048.50,3066.55,3016.60,3019.30,3031.742849337381380700,194003,20247,588167208.00,90345,46.57,49.95,-29.20
5-September-2025,3099.95,3104.60,3029.50,3048.45,3054.219167617233692979,191114,18710,583704042.00,69569,36.40,75.10,-51.50
4-September-2025,3120.00,3120.00,3090.10,3095.75,3098.712498575823174205,394965,29218,1223882982.00,38789,9.82,29.90,-24.25
3-September-2025,3120.30,3142.65,3087.75,3098.20,3102.949174890653407605,172159,15817,534200627.00,99578,57.84,54.90,-22.10
2-September-2025,3123.00,3155.35,3105.00,3112.15,3127.343141508922275858,36874,3953,115317651.00,17077,46.31,50.35,-10.85
1-September-2025,3096.60,3130.70,3095.15,3112.20,3118.711487758945386064,58410,5090,182163938.00,22800,39.03,35.55,15.60
29-August-2025,3090.00,3114.80,3077.00,3084.40,3098.963249270400616388,275151,15460,852682837.00,199089,72.36,37.80,-5.60
28-August-2025,3155.95,3155.95,3087.10,3096.65,3116.972317878837143997,135322,8456,421794928.00,99686,73.67,68.85,-59.30
26-August-2025,3130.00,3163.40,3121.00,3156.25,3151.624736195675166891,609827,37522,1921945858.00,107693,17.66,42.40,26.25
25-August-2025,3084.00,3152.00,3080.00,3140.75,3129.787089632346363717,178864,14830,559806238.00,48405,27.06,72.00,56.75
22-August-2025,3098.00,3098.00,3050.55,3053.65,3069.331220210287282232,84551,5089,259515024.00,49608,58.67,47.45,-44.35
21-August-2025,3115.05,3123.00,3083.10,3101.20,3107.794835259556353017,56847,5407,176668813.00,22838,40.17,39.90,-13.85
20-August-2025,3016.10,3102.10,3012.00,3097.40,3067.458297364668910464,103099,7844,316251883.00,49959,48.46,90.10,81.30
19-August-2025,3015.00,3024.90,3010.00,3016.15,3016.962968534687663599,166183,15009,501367957.00,44804,26.96,14.90,1.15
18-August-2025,3059.95,3059.95,3003.90,3011.95,3014.483166955008005501,93061,6164,280530818.00,67946,73.01,56.05,-48.00
14-August-2025,3035.60,3055.00,3017.90,3021.90,3032.146058876859900805,150008,6664,454846166.00,116312,77.54,37.10,-13.70
13-August-2025,3039.95,3045.85,3029.00,3035.60,3037.280584647255150189,69512,8167,211127448.00,38144,54.87,16.85,-4.35
12-August-2025,3042.20,3095.45,3025.80,3035.50,3058.485160922814013101,52665,4964,161075121.00,20332,38.61,69.65,-6.70
11-August-2025,3048.00,3049.15,3021.90,3040.35,3041.619922241587344148,82049,5201,249561873.00,60129,73.28,27.25,-7.65
8-August-2025,3047.00,3058.00,3025.00,3034.50,3043.775089260166950723,80383,9516,244667773.00,40469,50.35,33.00,-12.50
7-August-2025,3029.85,3050.95,3012.00,3047.15,3025.186804325110172186,88044,6401,266349547.00,55116,62.60,38.95,17.30
6-August-2025,3072.80,3072.80,3027.00,3031.60,3037.905609008246986677,37832,4559,114930045.00,22613,59.77,45.80,-41.20
5-August-2025,3072.00,3077.45,3042.40,3062.15,3057.741682436969659971,131048,11009,400710932.00,60306,46.02,35.05,-9.85
4-August-2025,3014.60,3080.00,2992.05,3074.90,3032.577201657246919182,169679,16078,514564667.00,88291,52.03,87.95,60.30
1-August-2025,3021.45,3037.30,3000.00,3003.10,3015.918785915032306890,262947,23336,793026797.00,196030,74.55,37.30,-18.35
31-July-2025,3047.55,3060.00,3015.05,3037.35,3031.825977938021153247,118847,7943,360323422.00,80101,67.40,44.95,-10.20
30-July-2025,3060.00,3070.00,3048.05,3053.55,3058.943801537664820937,100412,11598,307154665.00,59275,59.03,21.95,-6.45
29-July-2025,3069.30,3074.50,3041.00,3056.55,3056.516824485307593622,163690,11635,500321239.00,61687,37.69,33.50,-12.75
28-July-2025,3113.00,3113.05,3070.00,3079.05,3093.452138165961450145,224281,15478,693802539.00,126156,56.25,43.05,-33.95
25-July-2025,3149.95,3157.25,3127.00,3134.35,3141.589089261619374981,101533,12885,318974965.00,46197,45.50,30.25,-15.60
24-July-2025,3165.00,3174.30,3140.00,3150.15,3152.282213766765365761,142183,13571,448200942.00,103638,72.89,34.30,-14.85
23-July-2025,3169.00,3182.95,3159.00,3179.35,3170.737353318840026952,78657,8312,249400688.00,40350,51.30,23.95,10.35
22-July-2025,3160.90,3179.65,3154.25,3159.75,3163.633481528111106739,127085,10520,402050361.00,89087,70.10,25.40,-1.15
21-July-2025,3221.70,3221.70,3152.50,3158.40,3164.087363517905552144,66767,7294,211256621.00,39189,58.70,69.20,-63.30
18-July-2025,3213.05,3227.95,3186.90,3189.85,3203.399268397497039001,95407,7121,305626714.00,70086,73.46,41.05,-23.20
17-July-2025,3230.00,3242.05,3204.00,3208.50,3225.929256816230724927,92023,7367,296859688.00,71286,77.47,38.05,-21.50
16-July-2025,3225.00,3245.00,3220.35,3232.45,3235.109604365181560648,124256,11435,401981779.00,79323,63.84,24.65,7.45
15-July-2025,3210.00,3259.80,3208.40,3252.80,3244.577545380288724019,236281,6646,766632027.00,28720,12.16,51.40,42.80
14-July-2025,3281.40,3281.40,3200.50,3223.20,3221.112640304190453308,191459,13449,616711005.00,119030,62.17,80.90,-58.20
11-July-2025,3314.00,3337.25,3261.35,3265.40,3287.378831599073103253,453988,45736,1492430541.00,312042,68.73,75.90,-48.60
10-July-2025,3385.00,3399.75,3356.35,3382.30,3380.423771781355085485,268234,8264,906744590.00,36867,13.74,43.40,-2.70
9-July-2025,3416.60,3416.60,3366.90,3384.35,3387.247775427706093638,79903,9538,270651259.00,46955,58.76,49.70,-32.25
8-July-2025,3410.00,3424.00,3394.05,3406.35,3406.473492742786536636,377142,15549,1284724226.00,48608,12.89,29.95,-3.65
7-July-2025,3420.90,3426.35,3408.20,3411.95,3417.228202715072131189,77567,6382,265064140.00,41842,53.94,18.15,-8.95
4-July-2025,3401.10,3426.00,3388.65,3420.95,3413.399232694692025171,170988,9758,583650308.00,32551,19.04,37.35,19.85
3-July-2025,3434.90,3435.00,3398.15,3400.75,3412.703645622257854210,113506,9889,387362340.00,81101,71.45,36.85,-34.15
2-July-2025,3450.05,3489.85,3420.10,3423.35,3448.567026957590883232,54493,3550,187922763.00,25515,46.82,69.75,-26.70
1-July-2025,3460.95,3485.00,3414.45,3429.45,3432.020580867916864125,221565,10518,760415640.00,24250,10.94,70.55,-31.50
30-June-2025,3444.95,3465.00,3430.15,3461.05,3454.144239837196604953,80588,6962,278362576.00,20114,24.96,34.85,16.10
27-June-2025,3455.00,3466.65,3430.75,3443.15,3449.495147520925447012,35961,3200,124047295.00,14924,41.50,35.90,-11.85
26-June-2025,3447.25,3451.00,3416.00,3441.65,3435.045733993102414155,60021,6008,206174880.00,29920,49.85,35.00,-5.60
25-June-2025,3409.60,3449.90,3400.90,3445.65,3421.959117631195728385,18541,2090,63446544.00,8265,44.58,49.00,36.05
24-June-2025,3430.50,3442.80,3382.40,3390.20,3398.723415534488971150,771522,25978,2622189887.00,71077,9.21,60.40,-40.30
23-June-2025,3414.30,3429.30,3370.10,3393.40,3392.821603235083723849,136998,8910,464809774.00,108460,79.17,59.20,-20.90
20-June-2025,3424.35,3445.60,3408.50,3434.35,3419.265062682212268502,419497,9896,1434371436.00,316711,75.50,37.10,10.00
19-June-2025,3448.70,3452.00,3413.35,3424.25,3427.282892010998531018,53098,6447,181981867.00,23547,44.35,38.65,-24.45
18-June-2025,3524.35,3539.45,3443.65,3452.20,3482.217735009369144284,51232,4234,178400979.00,16903,32.99,95.80,-72.15
17-June-2025,3510.00,3522.30,3488.20,3515.25,3514.391513955603533632,570631,18378,2005420744.00,33503,5.87,34.10,5.25
16-June-2025,3423.25,3508.20,3423.25,3495.35,3492.900860815815752550,237333,18279,828980640.00,66333,27.95,84.95,72.10
13-June-2025,3400.00,3450.00,3392.75,3447.10,3430.268705838311678183,64111,4315,219917957.00,18487,28.84,57.25,47.10
12-June-2025,3477.00,3477.00,3423.10,3433.95,3451.320162847170364470,180783,11558,623940013.00,130235,72.04,53.90,-43.05
11-June-2025,3465.15,3489.20,3450.00,3472.15,3470.665808915826847900,111532,9080,387090299.00,57605,51.65,39.20,7.00
10-June-2025,3440.00,3485.00,3424.00,3463.50,3463.053885551005829602,313572,20198,1085916733.00,62698,19.99,61.00,23.50
9-June-2025,3394.30,3435.25,3390.05,3423.70,3421.263260741168930721,159154,12085,544507733.00,52283,32.85,45.20,29.40
6-June-2025,3371.95,3390.00,3358.00,3385.70,3375.383584146184182838,147321,12728,497264885.00,30834,20.93,32.00,13.75
5-June-2025,3429.25,3429.30,3364.20,3371.95,3383.476026034787313610,62839,6850,212614250.00,38542,61.33,65.10,-57.30
4-June-2025,3388.95,3395.90,3370.60,3380.55,3385.108646976299090427,107633,7685,364349399.00,75942,70.56,25.30,-8.40
3-June-2025,3449.95,3472.45,3399.40,3405.05,3415.989378538447732946,919365,54188,3140541075.00,94439,10.27,73.05,-44.90
2-June-2025,3462.70,3462.70,3418.30,3449.80,3443.612535612535612535,163215,16965,562049220.00,41344,25.33,44.40,-12.90
30-May-2025,3502.25,3502.30,3452.40,3464.50,3482.140533424701999891,55453,5690,193095139.00,20065,36.18,49.90,-37.75
29-May-2025,3500.05,3531.90,3486.20,3497.20,3502.226178477603555673,60523,6462,211965235.00,26834,44.34,45.70,-2.85
28-May-2025,3512.00,3526.45,3492.95,3498.15,3501.690809122997556339,44196,4774,154760727.00,19238,43.53,33.50,-13.85
27-May-2025,3537.35,3538.80,3481.85,3498.90,3501.200594563467174301,545274,34275,1909113653.00,79095,14.51,56.95,-38.45
26-May-2025,3525.00,3545.35,3508.90,3538.05,3538.618936032307922421,120342,9283,425844480.00,36907,30.67,36.45,13.05
23-May-2025,3479.00,3534.55,3470.00,3514.00,3514.540968392497010583,56031,6296,196923245.00,23381,41.73,64.55,35.00
22-May-2025,3505.00,3505.00,3451.95,3479.00,3474.814833113115413339,87035,7600,302430509.00,43596,50.09,53.05,-26.00
21-May-2025,3503.20,3535.00,3499.00,3524.95,3524.174373128324319492,89492,5998,315385413.00,36046,40.28,36.00,21.75
20-May-2025,3540.00,3558.95,3492.80,3498.05,3515.733150185138935641,276279,19166,971323239.00,57819,20.93,66.15,-41.95
19-May-2025,3549.25,3549.50,3503.60,3519.20,3523.802600034601220928,202305,12503,712882885.00,78381,38.74,45.90,-30.05
16-May-2025,3580.95,3586.00,3547.00,3562.95,3557.687254807952873098,239863,11580,853357538.00,149512,62.33,39.00,-18.00
15-May-2025,3554.00,3599.00,3514.80,3580.75,3563.057478521273963603,117209,10013,417622404.00,46680,39.83,84.20,26.75
14-May-2025,3515.95,3561.00,3507.25,3549.05,3540.946925222927756003,58427,5853,206886906.00,24530,41.98,53.75,33.10
13-May-2025,3623.95,3623.95,3510.20,3515.95,3541.560143763860212586,130770,12166,463129820.00,64318,49.18,113.75,-108.00
12-May-2025,3500.10,3630.00,3500.10,3620.30,3572.830822731619671371,172535,15783,616438366.00,107012,62.02,129.90,120.20
9-May-2025,3380.00,3445.15,3380.00,3442.20,3426.855812753116810926,50372,4337,172617581.00,30833,61.21,65.15,62.20
8-May-2025,3448.90,3475.15,3430.00,3447.45,3453.898387893996425991,52602,4934,181681963.00,20415,38.81,45.15,-1.45
7-May-2025,3449.95,3458.35,3421.30,3445.20,3440.390170737194710396,40003,3329,137625928.00,22437,56.09,37.05,-4.75
6-May-2025,3456.45,3473.80,3435.95,3458.95,3457.615030171291421843,88329,7293,305407678.00,43063,48.75,37.85,2.50
5-May-2025,3445.05,3503.80,3445.05,3455.15,3472.739650548898013911,47732,2970,165760809.00,30230,63.33,58.75,10.10
2-May-2025,3474.50,3491.80,3421.10,3443.80,3457.972464247637954486,54402,3685,188120618.00,35689,65.60,70.70,-30.70
30-April-2025,3471.50,3509.60,3367.85,3429.65,3468.720328258618706139,52154,3825,180907640.00,26483,50.78,141.75,-41.85
29-April-2025,3444.10,3495.00,3431.20,3471.50,3465.362689869299273058,107574,7893,372782926.00,49288,45.82,63.80,27.40
28-April-2025,3431.00,3457.95,3405.00,3443.55,3435.675594764625063272,69145,4361,237559789.00,34782,50.30,52.95,12.55
25-April-2025,3402.60,3477.55,3402.60,3447.35,3441.639023313966316099,67985,7413,233979829.00,19883,29.25,74.95,44.75
24-April-2025,3401.90,3412.30,3389.00,3401.25,3400.241134986043899780,60547,3992,205874400.00,42158,69.63,23.30,-0.65
23-April-2025,3358.05,3420.00,3337.55,3412.30,3396.481603410735472431,153398,13435,521013485.00,68571,44.70,82.45,54.25
22-April-2025,3324.95,3333.70,3294.45,3318.05,3317.485798173757303502,170295,12129,564951244.00,117070,68.75,39.25,-6.90
21-April-2025,3293.95,3353.85,3285.85,3321.60,3327.297955266848748800,135470,11094,450749054.00,74487,54.98,68.00,27.65
17-April-2025,3240.00,3304.00,3218.50,3298.95,3247.020678692572985708,70459,6741,228781830.00,38959,55.29,85.50,58.95
16-April-2025,3274.75,3278.20,3230.10,3272.75,3262.458392728848544287,87689,4896,286081714.00,63503,72.42,48.10,-2.00
15-April-2025,3300.05,3310.00,3240.20,3247.70,3258.960326584093549902,161796,11220,527286745.00,104458,64.56,69.80,-52.35
11-April-2025,3290.00,3298.40,3205.25,3232.30,3244.143005466149570953,229229,16912,743651657.00,137786,60.11,93.15,-57.70
9-April-2025,3276.00,3276.00,3215.90,3246.10,3247.403565763787213274,131136,11578,425851514.00,91714,69.94,60.10,-29.90
8-April-2025,3299.00,3348.90,3255.30,3293.55,3293.808870548701163244,263659,21906,868442353.00,133078,50.47,93.60,-5.45
7-April-2025,3060.25,3290.00,3060.25,3276.60,3163.424301830690298507,274432,31158,868144858.00,134454,48.99,229.75,216.35
4-April-2025,3366.95,3391.30,3295.60,3299.45,3323.910934831644042408,171571,22940,570286723.00,99279,57.86,95.70,-67.50
3-April-2025,3485.40,3498.00,3396.10,3403.90,3429.738863612316157020,207922,25985,713118164.00,135458,65.15,101.90,-81.50
2-April-2025,3550.35,3563.70,3530.05,3545.00,3549.310684422421802415,32290,3246,114607242.00,16375,50.71,33.65,-5.35
1-April-2025,3588.95,3588.95,3524.00,3550.35,3547.632577140129713339,71234,8460,252712059.00,24931,35.00,64.95,-38.60
28-March-2025,3648.00,3660.00,3596.05,3604.45,3613.504967144774959372,70765,8029,255709679.00,36040,50.93,63.95,-43.55
27-March-2025,3624.65,3662.85,3610.00,3651.65,3645.326150864157648198,30955,3520,112841071.00,12150,39.25,52.85,27.00
26-March-2025,3661.00,3679.90,3625.00,3635.50,3658.031938100756697798,29338,3951,107319341.00,9548,32.54,54.90,-25.50
25-March-2025,3649.95,3708.90,3638.05,3657.70,3673.370649969760574904,140545,13910,516273878.00,46161,32.84,70.85,7.75
24-March-2025,3585.05,3649.60,3566.65,3631.55,3611.817601485992405450,85061,9459,307224817.00,38502,45.26,82.95,46.50
21-March-2025,3499.95,3615.00,3466.60,3579.40,3566.828618292134179089,68893,6889,245729524.00,29879,43.37,148.40,79.45
20-March-2025,3508.05,3577.55,3508.05,3562.80,3561.226365620160495565,113648,10340,404726254.00,50481,44.42,69.50,54.75
19-March-2025,3549.00,3549.00,3463.05,3497.15,3481.205344405950682698,157024,14776,546632788.00,93466,59.52,85.95,-51.85
18-March-2025,3503.00,3556.45,3479.00,3552.65,3538.746532461252640419,78586,7054,278095935.00,43739,55.66,77.45,49.65
17-March-2025,3508.50,3610.30,3478.00,3497.25,3508.967877171610750776,91119,7769,319733644.00,58431,64.13,132.30,-11.25
13-March-2025,3506.00,3524.15,3484.50,3512.35,3501.318872117788684137,21598,2831,75621485.00,7969,36.90,39.65,6.35
12-March-2025,3564.95,3565.30,3489.60,3503.60,3509.325735235514465609,37641,4126,132094530.00,14306,38.01,75.70,-61.35
11-March-2025,3553.25,3589.55,3536.90,3574.90,3567.763116999959105222,48906,6277,174485023.00,13589,27.79,52.65,21.65
10-March-2025,3610.20,3623.45,3582.10,3588.10,3602.473832190598332757,40546,6194,146065904.00,20250,49.94,41.35,-22.10
7-March-2025,3624.95,3624.95,3575.00,3611.30,3600.962211199582299960,30644,3720,110347886.00,11253,36.72,49.95,-13.65
6-March-2025,3568.00,3608.95,3536.15,3599.70,3568.352705141496755366,52086,6991,185861219.00,17565,33.72,72.80,31.70
5-March-2025,3529.95,3598.00,3521.10,3549.35,3568.937329916770951274,50343,6537,179671012.00,19151,38.04,76.90,19.40
4-March-2025,3483.95,3549.90,3463.80,3532.65,3515.291581078915548562,68643,9179,241300160.00,22497,32.77,86.10,48.70
3-March-2025,3499.85,3523.95,3475.00,3496.55,3498.257059763786519847,90088,10802,315150982.00,37769,41.92,48.95,-3.30
